-- Inserts 
INSERT INTO
    post (idpost, nazev)
VALUES
    (1, 'doxepin hydrochloride');

INSERT INTO
    post (idpost, nazev)
VALUES
    (2, 'Pancreas Equisetum');

INSERT INTO
    post (idpost, nazev)
VALUES
    (3, 'TESTOSTERONE');

INSERT INTO
    post (idpost, nazev)
VALUES
    (4, 'Enalapril Maleate');

INSERT INTO
    post (idpost, nazev)
VALUES
    (5, 'Benzalkonium Chloride');

INSERT INTO
    post (idpost, nazev)
VALUES
    (6, 'Aluminum Zirconium Tetrachlorohydrex GLY');

INSERT INTO
    post (idpost, nazev)
VALUES
    (7, 'Lisinopril');

INSERT INTO
    post (idpost, nazev)
VALUES
    (8, 'fexofenadine hydrochloride');

INSERT INTO
    post (idpost, nazev)
VALUES
    (9, 'Calcium Carbonate');

INSERT INTO
    post (idpost, nazev)
VALUES
    (10, 'Acetaminophen');

INSERT INTO
    tym (idtym, nazev)
VALUES
    (1, 'REMEDYREPACK INC.');

INSERT INTO
    tym (idtym, nazev)
VALUES
    (
        2,
        'Johnson & Johnson Consumer Products Company.'
    );

INSERT INTO
    tym (idtym, nazev)
VALUES
    (3, 'ALK-Abello, Inc.');

INSERT INTO
    tym (idtym, nazev)
VALUES
    (4, 'MSD Consumer Care, Inc.');

INSERT INTO
    tym (idtym, nazev)
VALUES
    (5, 'Family Dollar');

INSERT INTO
    tym (idtym, nazev)
VALUES
    (6, 'State of Florida DOH Central Pharmacy');

INSERT INTO
    tym (idtym, nazev)
VALUES
    (7, 'Mutual Pharmaceutical Company, Inc.');

INSERT INTO
    tym (idtym, nazev)
VALUES
    (8, 'Shopko Stores Operating Co., LLC');

INSERT INTO
    tym (idtym, nazev)
VALUES
    (9, 'Washington Homeopathic Products');

INSERT INTO
    tym (idtym, nazev)
VALUES
    (10, 'St Marys Medical Park Pharmacy');

-- HRACI
INSERT INTO
    hrac (
        idhrac,
        Jmeno,
        Prijmeni,
        Vek,
        tym_idtym,
        post_idpost
    )
VALUES
    (1, 'Agnola', 'Astie', 48, 4, 7);

INSERT INTO
    hrac (
        idhrac,
        Jmeno,
        Prijmeni,
        Vek,
        tym_idtym,
        post_idpost
    )
VALUES
    (2, 'Gerhardine', 'Weiser', 27, 2, 8);

INSERT INTO
    hrac (
        idhrac,
        Jmeno,
        Prijmeni,
        Vek,
        tym_idtym,
        post_idpost
    )
VALUES
    (3, 'Lucille', 'Fibbens', 28, 7, 4);

INSERT INTO
    hrac (
        idhrac,
        Jmeno,
        Prijmeni,
        Vek,
        tym_idtym,
        post_idpost
    )
VALUES
    (4, 'Mickey', 'Grenter', 39, 8, 4);

INSERT INTO
    hrac (
        idhrac,
        Jmeno,
        Prijmeni,
        Vek,
        tym_idtym,
        post_idpost
    )
VALUES
    (5, 'Daniele', 'Landsman', 33, 10, 10);

INSERT INTO
    hrac (
        idhrac,
        Jmeno,
        Prijmeni,
        Vek,
        tym_idtym,
        post_idpost
    )
VALUES
    (6, 'Ogdan', 'Collcott', 38, 2, 1);

INSERT INTO
    hrac (
        idhrac,
        Jmeno,
        Prijmeni,
        Vek,
        tym_idtym,
        post_idpost
    )
VALUES
    (7, 'Alasdair', 'Cartan', 21, 4, 6);

INSERT INTO
    hrac (
        idhrac,
        Jmeno,
        Prijmeni,
        Vek,
        tym_idtym,
        post_idpost
    )
VALUES
    (8, 'Harli', 'Godson', 20, 5, 9);

INSERT INTO
    hrac (
        idhrac,
        Jmeno,
        Prijmeni,
        Vek,
        tym_idtym,
        post_idpost
    )
VALUES
    (9, 'Sofia', 'Micka', 48, 7, 7);

INSERT INTO
    hrac (
        idhrac,
        Jmeno,
        Prijmeni,
        Vek,
        tym_idtym,
        post_idpost
    )
VALUES
    (10, 'Caria', 'Scudders', 21, 1, 7);

INSERT INTO
    hrac (
        idhrac,
        Jmeno,
        Prijmeni,
        Vek,
        tym_idtym,
        post_idpost
    )
VALUES
    (11, 'Aymer', 'Ridgedell', 19, 10, 1);

INSERT INTO
    hrac (
        idhrac,
        Jmeno,
        Prijmeni,
        Vek,
        tym_idtym,
        post_idpost
    )
VALUES
    (12, 'Lora', 'McLese', 20, 8, 7);

INSERT INTO
    hrac (
        idhrac,
        Jmeno,
        Prijmeni,
        Vek,
        tym_idtym,
        post_idpost
    )
VALUES
    (13, 'Joby', 'Romagnosi', 47, 8, 3);

INSERT INTO
    hrac (
        idhrac,
        Jmeno,
        Prijmeni,
        Vek,
        tym_idtym,
        post_idpost
    )
VALUES
    (14, 'Ingrid', 'Di Giacomo', 26, 5, 8);

INSERT INTO
    hrac (
        idhrac,
        Jmeno,
        Prijmeni,
        Vek,
        tym_idtym,
        post_idpost
    )
VALUES
    (15, 'Vinson', 'Mosedill', 37, 5, 9);

INSERT INTO
    hrac (
        idhrac,
        Jmeno,
        Prijmeni,
        Vek,
        tym_idtym,
        post_idpost
    )
VALUES
    (16, 'Deane', 'Dot', 24, 5, 5);

INSERT INTO
    hrac (
        idhrac,
        Jmeno,
        Prijmeni,
        Vek,
        tym_idtym,
        post_idpost
    )
VALUES
    (17, 'Arleen', 'Blakesley', 29, 9, 9);

INSERT INTO
    hrac (
        idhrac,
        Jmeno,
        Prijmeni,
        Vek,
        tym_idtym,
        post_idpost
    )
VALUES
    (18, 'Roxanne', 'Tincknell', 28, 6, 1);

INSERT INTO
    hrac (
        idhrac,
        Jmeno,
        Prijmeni,
        Vek,
        tym_idtym,
        post_idpost
    )
VALUES
    (19, 'Almira', 'Buterton', 28, 7, 10);

INSERT INTO
    hrac (
        idhrac,
        Jmeno,
        Prijmeni,
        Vek,
        tym_idtym,
        post_idpost
    )
VALUES
    (20, 'Rois', 'Murt', 26, 6, 8);